name,tags,time,experiment,retryAmount,waitingTasks
diagnostic,,1564334841583891415,2019-07-28T17:27:16.225Z,280,280
diagnostic,,1564334846581624805,2019-07-28T17:27:16.225Z,280,280
diagnostic,,1564334851582552230,2019-07-28T17:27:16.225Z,476,289
diagnostic,,1564334856689812679,2019-07-28T17:27:16.225Z,872,301
diagnostic,,1564334861610253512,2019-07-28T17:27:16.225Z,1317,303
diagnostic,,1564334866607958674,2019-07-28T17:27:16.225Z,1570,303
diagnostic,,1564334871611265276,2019-07-28T17:27:16.225Z,1699,303
diagnostic,,1564334876672757071,2019-07-28T17:27:16.225Z,1839,303
diagnostic,,1564334881626457580,2019-07-28T17:27:16.225Z,1915,303
diagnostic,,1564334886627734197,2019-07-28T17:27:16.225Z,1974,303
diagnostic,,1564334891630174063,2019-07-28T17:27:16.225Z,2040,303
diagnostic,,1564334896642761159,2019-07-28T17:27:16.225Z,2106,303
diagnostic,,1564334901630296981,2019-07-28T17:27:16.225Z,2161,303
diagnostic,,1564334906633242984,2019-07-28T17:27:16.225Z,2214,303
diagnostic,,1564334911637583170,2019-07-28T17:27:16.225Z,2248,303
diagnostic,,1564334916637689280,2019-07-28T17:27:16.225Z,2284,303
diagnostic,,1564334921638437255,2019-07-28T17:27:16.225Z,2307,303
diagnostic,,1564334926640053877,2019-07-28T17:27:16.225Z,2333,303
diagnostic,,1564334931642174759,2019-07-28T17:27:16.225Z,2362,303
diagnostic,,1564334936642274094,2019-07-28T17:27:16.225Z,2394,303
diagnostic,,1564334941647636980,2019-07-28T17:27:16.225Z,2422,303
diagnostic,,1564334946646467059,2019-07-28T17:27:16.225Z,2454,303
diagnostic,,1564334951647718081,2019-07-28T17:27:16.225Z,2479,303
diagnostic,,1564334956651578334,2019-07-28T17:27:16.225Z,2505,303
diagnostic,,1564334961655859636,2019-07-28T17:27:16.225Z,2527,303
diagnostic,,1564334966654702548,2019-07-28T17:27:16.225Z,2539,303
diagnostic,,1564334971658234819,2019-07-28T17:27:16.225Z,2565,303
diagnostic,,1564334976658515683,2019-07-28T17:27:16.225Z,2570,303
diagnostic,,1564334981660030111,2019-07-28T17:27:16.225Z,2592,303
diagnostic,,1564334986660236064,2019-07-28T17:27:16.225Z,2610,303
diagnostic,,1564334991662077279,2019-07-28T17:27:16.225Z,2622,303
diagnostic,,1564334996663730950,2019-07-28T17:27:16.225Z,2640,303
diagnostic,,1564335001669456134,2019-07-28T17:27:16.225Z,2657,303
diagnostic,,1564335006670018953,2019-07-28T17:27:16.225Z,2678,303
diagnostic,,1564335011671299816,2019-07-28T17:27:16.225Z,2692,303
diagnostic,,1564335016673254865,2019-07-28T17:27:16.225Z,2706,303
diagnostic,,1564335021674503085,2019-07-28T17:27:16.225Z,2720,303
diagnostic,,1564335026675269231,2019-07-28T17:27:16.225Z,2732,303
diagnostic,,1564335031677023880,2019-07-28T17:27:16.225Z,2749,303
diagnostic,,1564335036679855276,2019-07-28T17:27:16.225Z,2765,303
diagnostic,,1564335041680554456,2019-07-28T17:27:16.225Z,2779,303
diagnostic,,1564335046686553963,2019-07-28T17:27:16.225Z,2790,303
diagnostic,,1564335051684567736,2019-07-28T17:27:16.225Z,2802,303
diagnostic,,1564335056685773488,2019-07-28T17:27:16.225Z,2810,303
diagnostic,,1564335061687596002,2019-07-28T17:27:16.225Z,2820,303
diagnostic,,1564335066696935255,2019-07-28T17:27:16.225Z,2833,303
diagnostic,,1564335071701150853,2019-07-28T17:27:16.225Z,2839,303
diagnostic,,1564335076701666660,2019-07-28T17:27:16.225Z,2852,303
diagnostic,,1564335081702828714,2019-07-28T17:27:16.225Z,2853,303
diagnostic,,1564335086711115618,2019-07-28T17:27:16.225Z,2853,303
diagnostic,,1564335091708055727,2019-07-28T17:27:16.225Z,2853,298
diagnostic,,1564335096710554127,2019-07-28T17:27:16.225Z,2853,294
diagnostic,,1564335101711768298,2019-07-28T17:27:16.225Z,2853,289
diagnostic,,1564335106712990850,2019-07-28T17:27:16.225Z,2853,280
diagnostic,,1564335111714340637,2019-07-28T17:27:16.225Z,2853,270
diagnostic,,1564335116715687843,2019-07-28T17:27:16.225Z,2853,268
diagnostic,,1564335121718754929,2019-07-28T17:27:16.225Z,2859,263
diagnostic,,1564335126721082690,2019-07-28T17:27:16.225Z,2869,263
diagnostic,,1564335131722585137,2019-07-28T17:27:16.225Z,2878,263
diagnostic,,1564335136730767790,2019-07-28T17:27:16.225Z,2891,257
diagnostic,,1564335141724961444,2019-07-28T17:27:16.225Z,2894,254
diagnostic,,1564335146726385170,2019-07-28T17:27:16.225Z,2897,247
diagnostic,,1564335151725226016,2019-07-28T17:27:16.225Z,2897,234
diagnostic,,1564335156727549938,2019-07-28T17:27:16.225Z,2915,231
diagnostic,,1564335161727710490,2019-07-28T17:27:16.225Z,2922,226
diagnostic,,1564335166728512234,2019-07-28T17:27:16.225Z,2943,229
diagnostic,,1564335171730940336,2019-07-28T17:27:16.225Z,2943,225
diagnostic,,1564335176733920866,2019-07-28T17:27:16.225Z,2962,221
diagnostic,,1564335181735343481,2019-07-28T17:27:16.225Z,2970,219
diagnostic,,1564335186736914995,2019-07-28T17:27:16.225Z,3033,222
diagnostic,,1564335191741242686,2019-07-28T17:27:16.225Z,3064,222
diagnostic,,1564335196739769288,2019-07-28T17:27:16.225Z,3088,222
diagnostic,,1564335201746173656,2019-07-28T17:27:16.225Z,3099,222
diagnostic,,1564335206740843951,2019-07-28T17:27:16.225Z,3103,222
diagnostic,,1564335211743847465,2019-07-28T17:27:16.225Z,3117,222
diagnostic,,1564335216754408257,2019-07-28T17:27:16.225Z,3149,225
diagnostic,,1564335221749929877,2019-07-28T17:27:16.225Z,3165,223
diagnostic,,1564335226752310770,2019-07-28T17:27:16.225Z,3179,223
diagnostic,,1564335231753794955,2019-07-28T17:27:16.225Z,3194,223
diagnostic,,1564335236756265781,2019-07-28T17:27:16.225Z,3202,223
diagnostic,,1564335241757581385,2019-07-28T17:27:16.225Z,3209,223
diagnostic,,1564335246758760927,2019-07-28T17:27:16.225Z,3219,223
diagnostic,,1564335251761689475,2019-07-28T17:27:16.225Z,3227,222
diagnostic,,1564335256761045270,2019-07-28T17:27:16.225Z,3238,221
diagnostic,,1564335261763232409,2019-07-28T17:27:16.225Z,3248,221
diagnostic,,1564335266775145257,2019-07-28T17:27:16.225Z,3254,221
diagnostic,,1564335271774595850,2019-07-28T17:27:16.225Z,3263,221
diagnostic,,1564335276777438116,2019-07-28T17:27:16.225Z,3268,221
diagnostic,,1564335281779324891,2019-07-28T17:27:16.225Z,3273,221
diagnostic,,1564335286781276986,2019-07-28T17:27:16.225Z,3276,221
diagnostic,,1564335291782506735,2019-07-28T17:27:16.225Z,3280,221
diagnostic,,1564335296784461702,2019-07-28T17:27:16.225Z,3286,222
diagnostic,,1564335301785599005,2019-07-28T17:27:16.225Z,3289,222
diagnostic,,1564335306786982025,2019-07-28T17:27:16.225Z,3289,222
diagnostic,,1564335311798963730,2019-07-28T17:27:16.225Z,3315,221
diagnostic,,1564335316799317963,2019-07-28T17:27:16.225Z,3322,221
diagnostic,,1564335321799558687,2019-07-28T17:27:16.225Z,3327,221
diagnostic,,1564335326800732753,2019-07-28T17:27:16.225Z,3331,221
diagnostic,,1564335331802823069,2019-07-28T17:27:16.225Z,3331,221
diagnostic,,1564335336803718779,2019-07-28T17:27:16.225Z,3331,221
diagnostic,,1564335341805095554,2019-07-28T17:27:16.225Z,3331,219
diagnostic,,1564335346806630331,2019-07-28T17:27:16.225Z,3336,214
diagnostic,,1564335351810722113,2019-07-28T17:27:16.225Z,3372,222
diagnostic,,1564335356814645908,2019-07-28T17:27:16.225Z,3394,220
diagnostic,,1564335361817358279,2019-07-28T17:27:16.225Z,3396,218
diagnostic,,1564335366818594981,2019-07-28T17:27:16.225Z,3396,216
diagnostic,,1564335371819689747,2019-07-28T17:27:16.225Z,3397,211
diagnostic,,1564335376828733980,2019-07-28T17:27:16.225Z,3447,217
diagnostic,,1564335381830378776,2019-07-28T17:27:16.225Z,3464,214
diagnostic,,1564335386830942480,2019-07-28T17:27:16.225Z,3518,222
diagnostic,,1564335391833740481,2019-07-28T17:27:16.225Z,3571,225
diagnostic,,1564335396836885024,2019-07-28T17:27:16.225Z,3587,225
diagnostic,,1564335401834536846,2019-07-28T17:27:16.225Z,3593,223
diagnostic,,1564335406837327374,2019-07-28T17:27:16.225Z,3593,218
diagnostic,,1564335411841586442,2019-07-28T17:27:16.225Z,3593,201
diagnostic,,1564335416843430414,2019-07-28T17:27:16.225Z,3594,191
diagnostic,,1564335421844823547,2019-07-28T17:27:16.225Z,3594,189
diagnostic,,1564335426846899931,2019-07-28T17:27:16.225Z,3594,185
diagnostic,,1564335431857051529,2019-07-28T17:27:16.225Z,3595,180
diagnostic,,1564335436850879064,2019-07-28T17:27:16.225Z,3613,182
diagnostic,,1564335441849679258,2019-07-28T17:27:16.225Z,3645,186
diagnostic,,1564335446854713556,2019-07-28T17:27:16.225Z,3714,197
diagnostic,,1564335451856724876,2019-07-28T17:27:16.225Z,3747,196
diagnostic,,1564335456859023360,2019-07-28T17:27:16.225Z,3765,196
diagnostic,,1564335461858815692,2019-07-28T17:27:16.225Z,3792,196
diagnostic,,1564335466861885028,2019-07-28T17:27:16.225Z,3806,196
diagnostic,,1564335471864039321,2019-07-28T17:27:16.225Z,3813,196
diagnostic,,1564335476865751694,2019-07-28T17:27:16.225Z,3823,196
diagnostic,,1564335481867139090,2019-07-28T17:27:16.225Z,3829,196
diagnostic,,1564335486869193441,2019-07-28T17:27:16.225Z,3846,195
diagnostic,,1564335491870240971,2019-07-28T17:27:16.225Z,3858,195
diagnostic,,1564335496872239878,2019-07-28T17:27:16.225Z,3864,195
diagnostic,,1564335501874376242,2019-07-28T17:27:16.225Z,3871,195
diagnostic,,1564335506875651281,2019-07-28T17:27:16.225Z,3872,195
diagnostic,,1564335511875419720,2019-07-28T17:27:16.225Z,3885,195
diagnostic,,1564335516879792319,2019-07-28T17:27:16.225Z,3897,195
diagnostic,,1564335521879781491,2019-07-28T17:27:16.225Z,3906,195
diagnostic,,1564335526880987836,2019-07-28T17:27:16.225Z,3913,195
diagnostic,,1564335531883094329,2019-07-28T17:27:16.225Z,3920,195
diagnostic,,1564335536885301481,2019-07-28T17:27:16.225Z,3930,195
diagnostic,,1564335541886849821,2019-07-28T17:27:16.225Z,3931,195
diagnostic,,1564335546889498949,2019-07-28T17:27:16.225Z,3932,195
diagnostic,,1564335551895135568,2019-07-28T17:27:16.225Z,3989,206
diagnostic,,1564335556895128095,2019-07-28T17:27:16.225Z,4027,206
diagnostic,,1564335561896053417,2019-07-28T17:27:16.225Z,4045,206
diagnostic,,1564335566897914597,2019-07-28T17:27:16.225Z,4056,206
diagnostic,,1564335571898262392,2019-07-28T17:27:16.225Z,4064,206
diagnostic,,1564335576901408157,2019-07-28T17:27:16.225Z,4066,206
diagnostic,,1564335581902862310,2019-07-28T17:27:16.225Z,4066,204
diagnostic,,1564335586921372844,2019-07-28T17:27:16.225Z,4066,197
diagnostic,,1564335591908303517,2019-07-28T17:27:16.225Z,4066,190
diagnostic,,1564335596909789219,2019-07-28T17:27:16.225Z,4077,190
diagnostic,,1564335601910725104,2019-07-28T17:27:16.225Z,4077,188
diagnostic,,1564335606911845597,2019-07-28T17:27:16.225Z,4077,184
diagnostic,,1564335611914204752,2019-07-28T17:27:16.225Z,4077,179
diagnostic,,1564335616917353750,2019-07-28T17:27:16.225Z,4080,176
diagnostic,,1564335621918171557,2019-07-28T17:27:16.225Z,4080,174
diagnostic,,1564335626943032789,2019-07-28T17:27:16.225Z,4083,164
diagnostic,,1564335631923094472,2019-07-28T17:27:16.225Z,4116,169
diagnostic,,1564335636926918519,2019-07-28T17:27:16.225Z,4116,169
diagnostic,,1564335641927722012,2019-07-28T17:27:16.225Z,4116,163
diagnostic,,1564335646929659879,2019-07-28T17:27:16.225Z,4116,156
diagnostic,,1564335651935301006,2019-07-28T17:27:16.225Z,4116,151
diagnostic,,1564335656932707355,2019-07-28T17:27:16.225Z,4116,149
diagnostic,,1564335661941074484,2019-07-28T17:27:16.225Z,4116,147
diagnostic,,1564335666933657887,2019-07-28T17:27:16.225Z,4118,146
diagnostic,,1564335671937988629,2019-07-28T17:27:16.225Z,4140,147
diagnostic,,1564335676941435471,2019-07-28T17:27:16.225Z,4163,150
diagnostic,,1564335681942871555,2019-07-28T17:27:16.225Z,4163,149
diagnostic,,1564335686945086828,2019-07-28T17:27:16.225Z,4163,145
diagnostic,,1564335691945162724,2019-07-28T17:27:16.225Z,4163,132
diagnostic,,1564335696948807055,2019-07-28T17:27:16.225Z,4165,128
diagnostic,,1564335701949677817,2019-07-28T17:27:16.225Z,4168,128
diagnostic,,1564335706952009428,2019-07-28T17:27:16.225Z,4185,135
diagnostic,,1564335711953707022,2019-07-28T17:27:16.225Z,4241,144
diagnostic,,1564335716957429834,2019-07-28T17:27:16.225Z,4267,144
diagnostic,,1564335721958583588,2019-07-28T17:27:16.225Z,4289,146
diagnostic,,1564335726960809710,2019-07-28T17:27:16.225Z,4307,146
diagnostic,,1564335731963276260,2019-07-28T17:27:16.225Z,4322,146
diagnostic,,1564335736965286764,2019-07-28T17:27:16.225Z,4332,146
diagnostic,,1564335741966784464,2019-07-28T17:27:16.225Z,4340,146
diagnostic,,1564335746968421062,2019-07-28T17:27:16.225Z,4352,146
diagnostic,,1564335751969541759,2019-07-28T17:27:16.225Z,4360,146
diagnostic,,1564335756971907973,2019-07-28T17:27:16.225Z,4371,146
diagnostic,,1564335761973532310,2019-07-28T17:27:16.225Z,4381,146
diagnostic,,1564335766975594157,2019-07-28T17:27:16.225Z,4386,146
diagnostic,,1564335771977131789,2019-07-28T17:27:16.225Z,4394,146
diagnostic,,1564335776978377752,2019-07-28T17:27:16.225Z,4401,146
diagnostic,,1564335781979193990,2019-07-28T17:27:16.225Z,4403,146
diagnostic,,1564335786980279201,2019-07-28T17:27:16.225Z,4403,146
diagnostic,,1564335791982538166,2019-07-28T17:27:16.225Z,4416,145
diagnostic,,1564335796983697211,2019-07-28T17:27:16.225Z,4443,149
diagnostic,,1564335801982617777,2019-07-28T17:27:16.225Z,4464,149
diagnostic,,1564335806985327364,2019-07-28T17:27:16.225Z,4474,149
diagnostic,,1564335811988538282,2019-07-28T17:27:16.225Z,4476,149
diagnostic,,1564335816987506277,2019-07-28T17:27:16.225Z,4479,149
diagnostic,,1564335821987902400,2019-07-28T17:27:16.225Z,4503,153
diagnostic,,1564335826990793864,2019-07-28T17:27:16.225Z,4527,155
diagnostic,,1564335831992009554,2019-07-28T17:27:16.225Z,4571,164
diagnostic,,1564335836995296800,2019-07-28T17:27:16.225Z,4598,164
diagnostic,,1564335841997110693,2019-07-28T17:27:16.225Z,4598,163
diagnostic,,1564335846999259332,2019-07-28T17:27:16.225Z,4600,160
diagnostic,,1564335852001646135,2019-07-28T17:27:16.225Z,4606,155
diagnostic,,1564335857002312654,2019-07-28T17:27:16.225Z,4644,149
diagnostic,,1564335862003836385,2019-07-28T17:27:16.225Z,4656,150
diagnostic,,1564335867011887394,2019-07-28T17:27:16.225Z,4690,157
diagnostic,,1564335872009893914,2019-07-28T17:27:16.225Z,4698,155
diagnostic,,1564335877011247616,2019-07-28T17:27:16.225Z,4698,148
diagnostic,,1564335882016990686,2019-07-28T17:27:16.225Z,4698,140
diagnostic,,1564335887012693952,2019-07-28T17:27:16.225Z,4700,133
diagnostic,,1564335892013527636,2019-07-28T17:27:16.225Z,4705,128
diagnostic,,1564335897015487302,2019-07-28T17:27:16.225Z,4705,126
diagnostic,,1564335902016557642,2019-07-28T17:27:16.225Z,4705,124
diagnostic,,1564335907018500206,2019-07-28T17:27:16.225Z,4705,118
diagnostic,,1564335912020515233,2019-07-28T17:27:16.225Z,4705,116
diagnostic,,1564335917021459942,2019-07-28T17:27:16.225Z,4705,116
diagnostic,,1564335922022118158,2019-07-28T17:27:16.225Z,4705,115
diagnostic,,1564335927024121543,2019-07-28T17:27:16.225Z,4706,113
diagnostic,,1564335932026314993,2019-07-28T17:27:16.225Z,4706,111
diagnostic,,1564335937027700208,2019-07-28T17:27:16.225Z,4706,111
diagnostic,,1564335942030021717,2019-07-28T17:27:16.225Z,4706,109
diagnostic,,1564335947035283832,2019-07-28T17:27:16.225Z,4706,109
diagnostic,,1564335952036591654,2019-07-28T17:27:16.225Z,4706,108
diagnostic,,1564335957037984482,2019-07-28T17:27:16.225Z,4706,107
diagnostic,,1564335962039801515,2019-07-28T17:27:16.225Z,4706,107
diagnostic,,1564335967041737690,2019-07-28T17:27:16.225Z,4706,106
diagnostic,,1564335972043127374,2019-07-28T17:27:16.225Z,4706,105
diagnostic,,1564335977044724145,2019-07-28T17:27:16.225Z,4706,105
diagnostic,,1564335982045834534,2019-07-28T17:27:16.225Z,4706,101
diagnostic,,1564335987065932520,2019-07-28T17:27:16.225Z,4706,98
diagnostic,,1564335992061002893,2019-07-28T17:27:16.225Z,4706,97
diagnostic,,1564335997068755778,2019-07-28T17:27:16.225Z,4706,97
diagnostic,,1564336002069669488,2019-07-28T17:27:16.225Z,4706,97
diagnostic,,1564336007068869114,2019-07-28T17:27:16.225Z,4706,97
diagnostic,,1564336012071833551,2019-07-28T17:27:16.225Z,4706,95
diagnostic,,1564336017073028596,2019-07-28T17:27:16.225Z,4706,95
diagnostic,,1564336022074520429,2019-07-28T17:27:16.225Z,4706,93
diagnostic,,1564336027076389258,2019-07-28T17:27:16.225Z,4706,92
diagnostic,,1564336032077467991,2019-07-28T17:27:16.225Z,4706,92
diagnostic,,1564336037079018375,2019-07-28T17:27:16.225Z,4706,90
diagnostic,,1564336042081737568,2019-07-28T17:27:16.225Z,4706,89
diagnostic,,1564336047082708220,2019-07-28T17:27:16.225Z,4706,88
diagnostic,,1564336052087352137,2019-07-28T17:27:16.225Z,4706,86
diagnostic,,1564336057087883551,2019-07-28T17:27:16.225Z,4718,86
diagnostic,,1564336062089241633,2019-07-28T17:27:16.225Z,4740,94
diagnostic,,1564336067090915947,2019-07-28T17:27:16.225Z,4743,95
diagnostic,,1564336072093127449,2019-07-28T17:27:16.225Z,4767,98
diagnostic,,1564336077095025352,2019-07-28T17:27:16.225Z,4770,90
diagnostic,,1564336082097959280,2019-07-28T17:27:16.225Z,4773,85
diagnostic,,1564336087099006126,2019-07-28T17:27:16.225Z,4773,77
diagnostic,,1564336092103068698,2019-07-28T17:27:16.225Z,4773,74
diagnostic,,1564336097103479840,2019-07-28T17:27:16.225Z,4785,71
diagnostic,,1564336102104775006,2019-07-28T17:27:16.225Z,4787,69
diagnostic,,1564336107117050945,2019-07-28T17:27:16.225Z,4857,93
diagnostic,,1564336112117040909,2019-07-28T17:27:16.225Z,4948,104
diagnostic,,1564336117114162588,2019-07-28T17:27:16.225Z,4991,104
diagnostic,,1564336122113954363,2019-07-28T17:27:16.225Z,5028,104
diagnostic,,1564336127117974597,2019-07-28T17:27:16.225Z,5058,107
diagnostic,,1564336132118696141,2019-07-28T17:27:16.225Z,5088,107
diagnostic,,1564336137119806025,2019-07-28T17:27:16.225Z,5113,105
diagnostic,,1564336142122332442,2019-07-28T17:27:16.225Z,5123,105
diagnostic,,1564336147122332310,2019-07-28T17:27:16.225Z,5139,104
diagnostic,,1564336152123730663,2019-07-28T17:27:16.225Z,5160,104
diagnostic,,1564336157126576775,2019-07-28T17:27:16.225Z,5172,104
diagnostic,,1564336162127591668,2019-07-28T17:27:16.225Z,5185,104
diagnostic,,1564336167128964647,2019-07-28T17:27:16.225Z,5191,102
diagnostic,,1564336172128934663,2019-07-28T17:27:16.225Z,5195,100
diagnostic,,1564336177131853324,2019-07-28T17:27:16.225Z,5229,107
diagnostic,,1564336182134270483,2019-07-28T17:27:16.225Z,5252,109
diagnostic,,1564336187135831117,2019-07-28T17:27:16.225Z,5265,108
diagnostic,,1564336192136655876,2019-07-28T17:27:16.225Z,5274,108
diagnostic,,1564336197137871375,2019-07-28T17:27:16.225Z,5289,107
diagnostic,,1564336202140479431,2019-07-28T17:27:16.225Z,5297,107
diagnostic,,1564336207140768838,2019-07-28T17:27:16.225Z,5303,107
diagnostic,,1564336212141306929,2019-07-28T17:27:16.225Z,5304,107
diagnostic,,1564336217143772257,2019-07-28T17:27:16.225Z,5306,107
diagnostic,,1564336222144659018,2019-07-28T17:27:16.225Z,5307,103
diagnostic,,1564336227145418646,2019-07-28T17:27:16.225Z,5308,101
diagnostic,,1564336232146298591,2019-07-28T17:27:16.225Z,5308,99
diagnostic,,1564336237147857639,2019-07-28T17:27:16.225Z,5309,96
diagnostic,,1564336242150033054,2019-07-28T17:27:16.225Z,5313,94
diagnostic,,1564336247152421057,2019-07-28T17:27:16.225Z,5315,94
diagnostic,,1564336252153502497,2019-07-28T17:27:16.225Z,5317,93
diagnostic,,1564336257154879938,2019-07-28T17:27:16.225Z,5320,93
diagnostic,,1564336262156754526,2019-07-28T17:27:16.225Z,5322,92
diagnostic,,1564336267157599504,2019-07-28T17:27:16.225Z,5322,92
diagnostic,,1564336272159073069,2019-07-28T17:27:16.225Z,5323,91
diagnostic,,1564336277161471444,2019-07-28T17:27:16.225Z,5326,90
diagnostic,,1564336282169191545,2019-07-28T17:27:16.225Z,5329,90
diagnostic,,1564336287166172310,2019-07-28T17:27:16.225Z,5329,90
diagnostic,,1564336292167768971,2019-07-28T17:27:16.225Z,5329,89
diagnostic,,1564336297168591342,2019-07-28T17:27:16.225Z,5329,88
diagnostic,,1564336302169441565,2019-07-28T17:27:16.225Z,5329,88
diagnostic,,1564336307170776600,2019-07-28T17:27:16.225Z,5329,88
diagnostic,,1564336312172720318,2019-07-28T17:27:16.225Z,5329,86
diagnostic,,1564336317174027284,2019-07-28T17:27:16.225Z,5329,83
diagnostic,,1564336322181246311,2019-07-28T17:27:16.225Z,5329,81
diagnostic,,1564336327178329117,2019-07-28T17:27:16.225Z,5329,80
diagnostic,,1564336332179258756,2019-07-28T17:27:16.225Z,5329,80
diagnostic,,1564336337180315992,2019-07-28T17:27:16.225Z,5329,78
diagnostic,,1564336342182470545,2019-07-28T17:27:16.225Z,5329,78
diagnostic,,1564336347183686080,2019-07-28T17:27:16.225Z,5329,78
diagnostic,,1564336352184491573,2019-07-28T17:27:16.225Z,5329,78
diagnostic,,1564336357186257397,2019-07-28T17:27:16.225Z,5329,76
diagnostic,,1564336362185911858,2019-07-28T17:27:16.225Z,5329,73
diagnostic,,1564336367187570547,2019-07-28T17:27:16.225Z,5329,72
diagnostic,,1564336372189101578,2019-07-28T17:27:16.225Z,5329,71
diagnostic,,1564336377191734883,2019-07-28T17:27:16.225Z,5330,69
diagnostic,,1564336382192948937,2019-07-28T17:27:16.225Z,5330,69
diagnostic,,1564336387195390455,2019-07-28T17:27:16.225Z,5330,65
diagnostic,,1564336392196742756,2019-07-28T17:27:16.225Z,5331,64
diagnostic,,1564336397198277619,2019-07-28T17:27:16.225Z,5331,63
diagnostic,,1564336402203598546,2019-07-28T17:27:16.225Z,5331,63
diagnostic,,1564336407201787812,2019-07-28T17:27:16.225Z,5331,60
diagnostic,,1564336412204726218,2019-07-28T17:27:16.225Z,5331,59
diagnostic,,1564336417208956119,2019-07-28T17:27:16.225Z,5333,57
diagnostic,,1564336422210368884,2019-07-28T17:27:16.225Z,5335,56
diagnostic,,1564336427209271484,2019-07-28T17:27:16.225Z,5335,56
diagnostic,,1564336432210350144,2019-07-28T17:27:16.225Z,5351,54
diagnostic,,1564336437215144048,2019-07-28T17:27:16.225Z,5407,66
diagnostic,,1564336442216756207,2019-07-28T17:27:16.225Z,5410,65
diagnostic,,1564336447221057742,2019-07-28T17:27:16.225Z,5434,69
diagnostic,,1564336452220540181,2019-07-28T17:27:16.225Z,5442,60
diagnostic,,1564336457232186565,2019-07-28T17:27:16.225Z,5442,51
diagnostic,,1564336462229530200,2019-07-28T17:27:16.225Z,5442,42
diagnostic,,1564336467230845433,2019-07-28T17:27:16.225Z,5445,41
diagnostic,,1564336472234246611,2019-07-28T17:27:16.225Z,5467,48
diagnostic,,1564336477231815690,2019-07-28T17:27:16.225Z,5613,77
diagnostic,,1564336482235419474,2019-07-28T17:27:16.225Z,5689,77
diagnostic,,1564336487236500130,2019-07-28T17:27:16.225Z,5734,77
diagnostic,,1564336492241334782,2019-07-28T17:27:16.225Z,5754,77
diagnostic,,1564336497239375857,2019-07-28T17:27:16.225Z,5775,77
diagnostic,,1564336502241116320,2019-07-28T17:27:16.225Z,5791,77
diagnostic,,1564336507271734753,2019-07-28T17:27:16.225Z,5808,77
diagnostic,,1564336512274509803,2019-07-28T17:27:16.225Z,5819,77
diagnostic,,1564336517276048639,2019-07-28T17:27:16.225Z,5833,77
diagnostic,,1564336522281787669,2019-07-28T17:27:16.225Z,5844,77
diagnostic,,1564336527278869810,2019-07-28T17:27:16.225Z,5852,76
diagnostic,,1564336532280387465,2019-07-28T17:27:16.225Z,5856,76
diagnostic,,1564336537281859442,2019-07-28T17:27:16.225Z,5858,75
diagnostic,,1564336542283442748,2019-07-28T17:27:16.225Z,5867,75
diagnostic,,1564336547285148355,2019-07-28T17:27:16.225Z,5870,75
diagnostic,,1564336552286811756,2019-07-28T17:27:16.225Z,5870,74
diagnostic,,1564336557287240435,2019-07-28T17:27:16.225Z,5870,71
diagnostic,,1564336562289372138,2019-07-28T17:27:16.225Z,5880,67
diagnostic,,1564336567299266583,2019-07-28T17:27:16.225Z,5888,67
diagnostic,,1564336572300052428,2019-07-28T17:27:16.225Z,5894,67
diagnostic,,1564336577301927483,2019-07-28T17:27:16.225Z,5895,67
diagnostic,,1564336582302959557,2019-07-28T17:27:16.225Z,5898,67
diagnostic,,1564336587305480202,2019-07-28T17:27:16.225Z,5898,67
diagnostic,,1564336592306785719,2019-07-28T17:27:16.225Z,5898,67
diagnostic,,1564336597308003086,2019-07-28T17:27:16.225Z,5898,63
diagnostic,,1564336602309361584,2019-07-28T17:27:16.225Z,5898,59
diagnostic,,1564336607312080847,2019-07-28T17:27:16.225Z,5898,56
diagnostic,,1564336612313240781,2019-07-28T17:27:16.225Z,5898,53
diagnostic,,1564336617315082791,2019-07-28T17:27:16.225Z,5898,50
diagnostic,,1564336622317965897,2019-07-28T17:27:16.225Z,5898,50
diagnostic,,1564336627318399454,2019-07-28T17:27:16.225Z,5898,49
diagnostic,,1564336632320224383,2019-07-28T17:27:16.225Z,5898,49
diagnostic,,1564336637321845206,2019-07-28T17:27:16.225Z,5898,48
diagnostic,,1564336642320892094,2019-07-28T17:27:16.225Z,5898,45
diagnostic,,1564336647323094955,2019-07-28T17:27:16.225Z,5898,44
diagnostic,,1564336652325256771,2019-07-28T17:27:16.225Z,5898,40
diagnostic,,1564336657326829439,2019-07-28T17:27:16.225Z,5898,38
diagnostic,,1564336662328209258,2019-07-28T17:27:16.225Z,5898,36
diagnostic,,1564336667329772040,2019-07-28T17:27:16.225Z,5898,36
diagnostic,,1564336672330411832,2019-07-28T17:27:16.225Z,5898,33
diagnostic,,1564336677332320546,2019-07-28T17:27:16.225Z,5898,33
diagnostic,,1564336682332835596,2019-07-28T17:27:16.225Z,5898,33
diagnostic,,1564336687334348980,2019-07-28T17:27:16.225Z,5898,33
diagnostic,,1564336692336322702,2019-07-28T17:27:16.225Z,5898,33
diagnostic,,1564336697337310738,2019-07-28T17:27:16.225Z,5898,31
diagnostic,,1564336702338686326,2019-07-28T17:27:16.225Z,5898,30
diagnostic,,1564336707340205309,2019-07-28T17:27:16.225Z,5898,29
diagnostic,,1564336712342260279,2019-07-28T17:27:16.225Z,5898,28
diagnostic,,1564336717344843160,2019-07-28T17:27:16.225Z,5898,28
diagnostic,,1564336722345173869,2019-07-28T17:27:16.225Z,5898,28
diagnostic,,1564336727346696568,2019-07-28T17:27:16.225Z,5898,28
diagnostic,,1564336732346578659,2019-07-28T17:27:16.225Z,5898,27
diagnostic,,1564336737350671348,2019-07-28T17:27:16.225Z,5898,26
diagnostic,,1564336742355132639,2019-07-28T17:27:16.225Z,5898,24
diagnostic,,1564336747356233561,2019-07-28T17:27:16.225Z,5898,21
diagnostic,,1564336752357517979,2019-07-28T17:27:16.225Z,5935,30
diagnostic,,1564336757359080587,2019-07-28T17:27:16.225Z,5942,30
diagnostic,,1564336762360995432,2019-07-28T17:27:16.225Z,5942,27
diagnostic,,1564336767362758084,2019-07-28T17:27:16.225Z,5942,22
diagnostic,,1564336772366041145,2019-07-28T17:27:16.225Z,5942,19
diagnostic,,1564336777368155861,2019-07-28T17:27:16.225Z,5942,19
diagnostic,,1564336782370855719,2019-07-28T17:27:16.225Z,5942,18
diagnostic,,1564336787378292665,2019-07-28T17:27:16.225Z,5944,16
diagnostic,,1564336792371970881,2019-07-28T17:27:16.225Z,5944,13
diagnostic,,1564336797371539336,2019-07-28T17:27:16.225Z,5944,13
diagnostic,,1564336802373844862,2019-07-28T17:27:16.225Z,5944,11
diagnostic,,1564336807374242700,2019-07-28T17:27:16.225Z,5944,9
diagnostic,,1564336812376706088,2019-07-28T17:27:16.225Z,5944,9
diagnostic,,1564336817378508229,2019-07-28T17:27:16.225Z,5944,8
diagnostic,,1564336822378275813,2019-07-28T17:27:16.225Z,5944,8
diagnostic,,1564336827380842462,2019-07-28T17:27:16.225Z,5944,6
diagnostic,,1564336832388830319,2019-07-28T17:27:16.225Z,5944,5
diagnostic,,1564336837384738916,2019-07-28T17:27:16.225Z,5944,5
diagnostic,,1564336842385701737,2019-07-28T17:27:16.225Z,5944,4
diagnostic,,1564336847388044114,2019-07-28T17:27:16.225Z,5944,4
diagnostic,,1564336852389486838,2019-07-28T17:27:16.225Z,5944,3
diagnostic,,1564336857391105711,2019-07-28T17:27:16.225Z,5944,3
diagnostic,,1564336862392455247,2019-07-28T17:27:16.225Z,5944,3
diagnostic,,1564336867393960529,2019-07-28T17:27:16.225Z,5944,3
diagnostic,,1564336872397132954,2019-07-28T17:27:16.225Z,5944,3
diagnostic,,1564336877398286684,2019-07-28T17:27:16.225Z,5944,2
diagnostic,,1564336882400826858,2019-07-28T17:27:16.225Z,5944,2
diagnostic,,1564336887401962815,2019-07-28T17:27:16.225Z,5944,2
diagnostic,,1564336892403907415,2019-07-28T17:27:16.225Z,5944,2
diagnostic,,1564336897406575135,2019-07-28T17:27:16.225Z,5944,2
diagnostic,,1564336902408646615,2019-07-28T17:27:16.225Z,5944,2
diagnostic,,1564336907409973815,2019-07-28T17:27:16.225Z,5944,2
diagnostic,,1564336912412000219,2019-07-28T17:27:16.225Z,5944,2
diagnostic,,1564336917414296395,2019-07-28T17:27:16.225Z,5944,2
diagnostic,,1564336922414430443,2019-07-28T17:27:16.225Z,5944,2
diagnostic,,1564336927416464029,2019-07-28T17:27:16.225Z,5944,2
diagnostic,,1564336932417570067,2019-07-28T17:27:16.225Z,5944,2
diagnostic,,1564336937418932248,2019-07-28T17:27:16.225Z,5944,2
diagnostic,,1564336942420573944,2019-07-28T17:27:16.225Z,5944,2
diagnostic,,1564336947422371835,2019-07-28T17:27:16.225Z,5944,2
diagnostic,,1564336952423251501,2019-07-28T17:27:16.225Z,5944,2
diagnostic,,1564336957424660671,2019-07-28T17:27:16.225Z,5944,2
diagnostic,,1564336962425908191,2019-07-28T17:27:16.225Z,5944,2
diagnostic,,1564336967428117758,2019-07-28T17:27:16.225Z,5944,2
diagnostic,,1564336972430153121,2019-07-28T17:27:16.225Z,5944,2
diagnostic,,1564336977430925082,2019-07-28T17:27:16.225Z,5944,2
diagnostic,,1564336982435226349,2019-07-28T17:27:16.225Z,5944,2
diagnostic,,1564336987434998248,2019-07-28T17:27:16.225Z,5944,2
diagnostic,,1564336992435813146,2019-07-28T17:27:16.225Z,5944,2
diagnostic,,1564336997438905612,2019-07-28T17:27:16.225Z,5944,2
diagnostic,,1564337002439614821,2019-07-28T17:27:16.225Z,5944,2
diagnostic,,1564337007447600819,2019-07-28T17:27:16.225Z,5944,2
diagnostic,,1564337012449914370,2019-07-28T17:27:16.225Z,5944,2
diagnostic,,1564337017451848816,2019-07-28T17:27:16.225Z,5944,2
diagnostic,,1564337022454108639,2019-07-28T17:27:16.225Z,5944,2
diagnostic,,1564337027463582785,2019-07-28T17:27:16.225Z,5944,2
diagnostic,,1564337032456219249,2019-07-28T17:27:16.225Z,5944,2
diagnostic,,1564337037455620293,2019-07-28T17:27:16.225Z,5944,2
diagnostic,,1564337042459076524,2019-07-28T17:27:16.225Z,5944,2
diagnostic,,1564337047459893502,2019-07-28T17:27:16.225Z,5944,2
diagnostic,,1564337052462034417,2019-07-28T17:27:16.225Z,5944,2
diagnostic,,1564337057464427439,2019-07-28T17:27:16.225Z,5944,2
diagnostic,,1564337062465054054,2019-07-28T17:27:16.225Z,5944,2
diagnostic,,1564337067466987396,2019-07-28T17:27:16.225Z,5944,0
diagnostic,,1564337072468259926,2019-07-28T17:27:16.225Z,5944,0
diagnostic,,1564337077470903463,2019-07-28T17:27:16.225Z,5944,0
diagnostic,,1564337082471729688,2019-07-28T17:27:16.225Z,5944,0
diagnostic,,1564337087473799021,2019-07-28T17:27:16.225Z,5944,0
diagnostic,,1564337092475573396,2019-07-28T17:27:16.225Z,5944,0
diagnostic,,1564337097476519931,2019-07-28T17:27:16.225Z,5944,0
diagnostic,,1564337102477199057,2019-07-28T17:27:16.225Z,5944,0
diagnostic,,1564337107479018883,2019-07-28T17:27:16.225Z,5944,0
diagnostic,,1564337112476824739,2019-07-28T17:27:16.225Z,5944,0
diagnostic,,1564337117477464399,2019-07-28T17:27:16.225Z,5944,0
diagnostic,,1564337122480521862,2019-07-28T17:27:16.225Z,5944,0
diagnostic,,1564337127479710274,2019-07-28T17:27:16.225Z,5944,0
diagnostic,,1564337132483016113,2019-07-28T17:27:16.225Z,5944,0
diagnostic,,1564337137483656300,2019-07-28T17:27:16.225Z,5944,0
diagnostic,,1564337142486247456,2019-07-28T17:27:16.225Z,5944,0
diagnostic,,1564337147487654991,2019-07-28T17:27:16.225Z,5944,0
diagnostic,,1564337152489236114,2019-07-28T17:27:16.225Z,5944,0
diagnostic,,1564337157490669639,2019-07-28T17:27:16.225Z,5944,0
diagnostic,,1564337162492855156,2019-07-28T17:27:16.225Z,6222,278
diagnostic,,1564337167494202909,2019-07-28T17:27:16.225Z,6222,278
diagnostic,,1564337172497112004,2019-07-28T17:27:16.225Z,6254,285
diagnostic,,1564337177541597486,2019-07-28T17:27:16.225Z,6488,288
diagnostic,,1564337182527877313,2019-07-28T17:27:16.225Z,6960,289
diagnostic,,1564337187528350216,2019-07-28T17:27:16.225Z,7268,283
diagnostic,,1564337192532324188,2019-07-28T17:27:16.225Z,7453,283
diagnostic,,1564337197534355188,2019-07-28T17:27:16.225Z,7567,283
diagnostic,,1564337202532690426,2019-07-28T17:27:16.225Z,7682,283
diagnostic,,1564337207536906753,2019-07-28T17:27:16.225Z,7765,283
diagnostic,,1564337212542227771,2019-07-28T17:27:16.225Z,7822,283
diagnostic,,1564337217539306509,2019-07-28T17:27:16.225Z,7883,283
diagnostic,,1564337222540695541,2019-07-28T17:27:16.225Z,7944,283
diagnostic,,1564337227541246324,2019-07-28T17:27:16.225Z,7999,283
diagnostic,,1564337232543953362,2019-07-28T17:27:16.225Z,8032,283
diagnostic,,1564337237546084819,2019-07-28T17:27:16.225Z,8056,283
diagnostic,,1564337242547707860,2019-07-28T17:27:16.225Z,8085,283
diagnostic,,1564337247548923386,2019-07-28T17:27:16.225Z,8107,283
diagnostic,,1564337252552658758,2019-07-28T17:27:16.225Z,8146,283
diagnostic,,1564337257551815080,2019-07-28T17:27:16.225Z,8176,283
diagnostic,,1564337262555799753,2019-07-28T17:27:16.225Z,8199,283
diagnostic,,1564337267554463077,2019-07-28T17:27:16.225Z,8231,283
diagnostic,,1564337272557479584,2019-07-28T17:27:16.225Z,8260,283
diagnostic,,1564337277560174300,2019-07-28T17:27:16.225Z,8283,283
diagnostic,,1564337282562492030,2019-07-28T17:27:16.225Z,8309,283
diagnostic,,1564337287569364561,2019-07-28T17:27:16.225Z,8330,283
diagnostic,,1564337292567852522,2019-07-28T17:27:16.225Z,8343,283
diagnostic,,1564337297571909113,2019-07-28T17:27:16.225Z,8354,283
diagnostic,,1564337302573094356,2019-07-28T17:27:16.225Z,8365,283
diagnostic,,1564337307575134717,2019-07-28T17:27:16.225Z,8371,283
diagnostic,,1564337312576420872,2019-07-28T17:27:16.225Z,8375,282
diagnostic,,1564337317579603642,2019-07-28T17:27:16.225Z,8390,279
diagnostic,,1564337322582093789,2019-07-28T17:27:16.225Z,8410,279
diagnostic,,1564337327592281730,2019-07-28T17:27:16.225Z,8426,277
diagnostic,,1564337332586238296,2019-07-28T17:27:16.225Z,8438,277
diagnostic,,1564337337588360319,2019-07-28T17:27:16.225Z,8460,277
diagnostic,,1564337342586982454,2019-07-28T17:27:16.225Z,8480,277
diagnostic,,1564337347589074062,2019-07-28T17:27:16.225Z,8496,277
diagnostic,,1564337352590975735,2019-07-28T17:27:16.225Z,8507,277
diagnostic,,1564337357592850975,2019-07-28T17:27:16.225Z,8515,277
diagnostic,,1564337362594555456,2019-07-28T17:27:16.225Z,8523,277
diagnostic,,1564337367595667412,2019-07-28T17:27:16.225Z,8530,277
diagnostic,,1564337372594672679,2019-07-28T17:27:16.225Z,8551,277
diagnostic,,1564337377596985387,2019-07-28T17:27:16.225Z,8559,277
diagnostic,,1564337382598297449,2019-07-28T17:27:16.225Z,8568,277
diagnostic,,1564337387599702000,2019-07-28T17:27:16.225Z,8574,277
diagnostic,,1564337392603217748,2019-07-28T17:27:16.225Z,8584,277
diagnostic,,1564337397610116755,2019-07-28T17:27:16.225Z,8588,277
diagnostic,,1564337402605379672,2019-07-28T17:27:16.225Z,8592,277
diagnostic,,1564337407607960576,2019-07-28T17:27:16.225Z,8592,277
diagnostic,,1564337412609967427,2019-07-28T17:27:16.225Z,8592,277
diagnostic,,1564337417611362015,2019-07-28T17:27:16.225Z,8592,272
diagnostic,,1564337422613188070,2019-07-28T17:27:16.225Z,8592,264
diagnostic,,1564337427617065496,2019-07-28T17:27:16.225Z,8592,259
diagnostic,,1564337432618886238,2019-07-28T17:27:16.225Z,8592,254
diagnostic,,1564337437620376570,2019-07-28T17:27:16.225Z,8592,250
diagnostic,,1564337442621428030,2019-07-28T17:27:16.225Z,8592,241
diagnostic,,1564337447624135970,2019-07-28T17:27:16.225Z,8592,236
diagnostic,,1564337452624770332,2019-07-28T17:27:16.225Z,8592,234
diagnostic,,1564337457626920344,2019-07-28T17:27:16.225Z,8592,229
diagnostic,,1564337462627075558,2019-07-28T17:27:16.225Z,8592,224
diagnostic,,1564337467626396274,2019-07-28T17:27:16.225Z,8592,219
diagnostic,,1564337472630065349,2019-07-28T17:27:16.225Z,8592,211
diagnostic,,1564337477631326104,2019-07-28T17:27:16.225Z,8592,206
diagnostic,,1564337482632999956,2019-07-28T17:27:16.225Z,8592,199
diagnostic,,1564337487635468168,2019-07-28T17:27:16.225Z,8592,196
diagnostic,,1564337492637227289,2019-07-28T17:27:16.225Z,8592,190
diagnostic,,1564337497638731488,2019-07-28T17:27:16.225Z,8592,177
diagnostic,,1564337502640583273,2019-07-28T17:27:16.225Z,8592,166
diagnostic,,1564337507642094600,2019-07-28T17:27:16.225Z,8592,158
diagnostic,,1564337512643892452,2019-07-28T17:27:16.225Z,8592,151
diagnostic,,1564337517646228437,2019-07-28T17:27:16.225Z,8592,145
diagnostic,,1564337522650506873,2019-07-28T17:27:16.225Z,8592,138
diagnostic,,1564337527650487516,2019-07-28T17:27:16.225Z,8592,131
diagnostic,,1564337532652586312,2019-07-28T17:27:16.225Z,8592,129
diagnostic,,1564337537650910762,2019-07-28T17:27:16.225Z,8592,125
diagnostic,,1564337542655180992,2019-07-28T17:27:16.225Z,8592,121
diagnostic,,1564337547654558338,2019-07-28T17:27:16.225Z,8592,117
diagnostic,,1564337552653335373,2019-07-28T17:27:16.225Z,8592,111
diagnostic,,1564337557657411927,2019-07-28T17:27:16.225Z,8592,109
diagnostic,,1564337562660064803,2019-07-28T17:27:16.225Z,8592,105
diagnostic,,1564337567662233623,2019-07-28T17:27:16.225Z,8592,99
diagnostic,,1564337572663471126,2019-07-28T17:27:16.225Z,8592,94
diagnostic,,1564337577665383442,2019-07-28T17:27:16.225Z,8592,90
diagnostic,,1564337582667919116,2019-07-28T17:27:16.225Z,8592,87
diagnostic,,1564337587670452462,2019-07-28T17:27:16.225Z,8592,79
diagnostic,,1564337592672443854,2019-07-28T17:27:16.225Z,8592,74
diagnostic,,1564337597674444949,2019-07-28T17:27:16.225Z,8592,73
diagnostic,,1564337602674861846,2019-07-28T17:27:16.225Z,8592,71
diagnostic,,1564337607677295593,2019-07-28T17:27:16.225Z,8592,66
diagnostic,,1564337612677673446,2019-07-28T17:27:16.225Z,8592,63
diagnostic,,1564337617678746517,2019-07-28T17:27:16.225Z,8592,61
diagnostic,,1564337622680537283,2019-07-28T17:27:16.225Z,8592,57
diagnostic,,1564337627680484552,2019-07-28T17:27:16.225Z,8592,57
diagnostic,,1564337632682482353,2019-07-28T17:27:16.225Z,8592,51
diagnostic,,1564337637683795208,2019-07-28T17:27:16.225Z,8592,48
diagnostic,,1564337642685593116,2019-07-28T17:27:16.225Z,8592,44
diagnostic,,1564337647684181208,2019-07-28T17:27:16.225Z,8592,41
diagnostic,,1564337652687723831,2019-07-28T17:27:16.225Z,8592,38
diagnostic,,1564337657690724516,2019-07-28T17:27:16.225Z,8592,35
diagnostic,,1564337662692086358,2019-07-28T17:27:16.225Z,8592,31
diagnostic,,1564337667693341094,2019-07-28T17:27:16.225Z,8592,27
diagnostic,,1564337672695613985,2019-07-28T17:27:16.225Z,8592,25
diagnostic,,1564337677698255982,2019-07-28T17:27:16.225Z,8592,23
diagnostic,,1564337682700762215,2019-07-28T17:27:16.225Z,8592,16
diagnostic,,1564337687701833632,2019-07-28T17:27:16.225Z,8592,13
diagnostic,,1564337692703644531,2019-07-28T17:27:16.225Z,8592,12
diagnostic,,1564337697705662518,2019-07-28T17:27:16.225Z,8592,10
diagnostic,,1564337702709089236,2019-07-28T17:27:16.225Z,8592,7
diagnostic,,1564337707709210965,2019-07-28T17:27:16.225Z,8592,3
diagnostic,,1564337712747208046,2019-07-28T17:27:16.225Z,8592,0
diagnostic,,1564337717734166375,2019-07-28T17:27:16.225Z,8592,0
diagnostic,,1564337722738382919,2019-07-28T17:27:16.225Z,8592,0
diagnostic,,1564337727740431058,2019-07-28T17:27:16.225Z,8592,0
diagnostic,,1564337732742405712,2019-07-28T17:27:16.225Z,8592,0
diagnostic,,1564337737741928251,2019-07-28T17:27:16.225Z,8592,0
diagnostic,,1564337742744492841,2019-07-28T17:27:16.225Z,8592,0
diagnostic,,1564337747746343487,2019-07-28T17:27:16.225Z,8592,0
diagnostic,,1564337752747385501,2019-07-28T17:27:16.225Z,8592,0
